<?xml version="1.0" encoding="UTF-8" ?> 
<Module>
  <ModulePrefs title="SVC Storage Pool Panel" 
		description="Display detailed availability information for a single element including topological parents status and service monitor status."
		thumbnail="elementPanelThm.png">
    <Require feature="dynamic-height"/>
  </ModulePrefs>
  <Content type="html">
<![CDATA[ 

<html lang="en">
	<head>
		#includeResources(jquery)

		<meta charset="utf-8">
		<meta http-equiv="X-UA-Compatible" content="IE=Edge" />
		<title>Element Panel</title>

		<link rel="stylesheet" type="text/css" href="__UPTIME_GADGET_BASE__/svcStoragePool.css" />

		<script type="text/javascript" src="__UPTIME_GADGET_BASE__/jquery.ba-throttle-debounce.min.js"></script>		
		<script type="text/javascript" src="__UPTIME_GADGET_BASE__/uptimeElementStatusSimpleTableChart.js"></script>
		<script type="text/javascript" src="__UPTIME_GADGET_BASE__/svcStoragePool.js"></script>		
	</head>
	<body>
		<div id="widgetSettings">

			<form id="widgetOptions">
				<div class="elementSelectorDiv editSection">
					<label for="elementId">Select Element:</label><br/>
					<select id="elementId" class="widget-option">
						<option value="-1">Loading...</option>
					</select>
				</div>

				<div class="refreshRateDiv editSection">
					<label for="refreshRate">Refresh Rate:</label>
					<select id="refreshRate" class="widget-option" name="refreshRate">
						<option value="30">30s</option>
						<option value="60">1m</option>
						<option value="300">5m</option>
						<option value="600">10m</option>
						<option value="900">15m</option>
						<option value="3600">1h</option>
						<option value="-1">Never</option>
					</select>
				</div>
				<div class="buttonsDiv">
					<button id="closeSettings">Close</button>
				</div>
			</form>
		</div>

		<div id = "widgetChart">
			<table id="elementInfoTable"><tbody><tr>
				<td id="elementStatus" class="element-status"><div class="os-icon-container"><div class="os-icon"><img src="/images/icon-system.gif" class="os-icon-img"/></div></div><div id="elementStatusText"></div></td>
				<td id="topoParentsStatus" class="topo-parents-status">Topological Parents:<br/></td>
			</tr><tbody></table>
			<table id='statusTable' style='width:100%; border:0px;'><thead></thead><tbody></tbody></table>
		</div>
		<div id="statusBar"></div>
	</body>
</html>

]]>
  </Content> 
</Module>
